[
    {
        "id": 1769830135612,
        "text": "통신판매등록세납부",
        "completed": true
    },
    {
        "id": 1769829286690,
        "text": "웨비나 장표작성",
        "completed": true
    },
    {
        "id": 1769764875697,
        "text": "산책",
        "completed": true
    },
    {
        "id": 1769765003532,
        "text": "클로링 개발분석",
        "completed": true
    },
    {
        "id": 1769765027917,
        "text": "고객 메일 전송 자동화",
        "completed": false
    }
]