[
    {
        "id": 1769764830030,
        "text": "유튜브 제작",
        "completed": true
    },
    {
        "id": 1769764811955,
        "text": "치과 치료",
        "completed": true
    },
    {
        "id": 1769764908842,
        "text": "투두리스트 개발",
        "completed": true
    },
    {
        "id": 1769767932469,
        "text": "연말정산 자료 출럭",
        "completed": true
    },
    {
        "id": 1769764894391,
        "text": "웨비나 장표작성",
        "completed": true
    },
    {
        "id": 1769829260914,
        "text": "방청소",
        "completed": false
    }
]